CREATE DATABASE DKHP;
USE DKHP;
SET DATEFORMAT DMY;

CREATE TABLE TINH(
	MaTinh VARCHAR(5) PRIMARY KEY,
	TenTinh NVARCHAR(40) NOT NULL
)

INSERT INTO TINH VALUES ('SG', N'TP. Hồ Chí Minh');
INSERT INTO TINH VALUES ('HN', N'Hà Nội');


CREATE TABLE HUYEN(
	MaHuyen VARCHAR(5) PRIMARY KEY,
	TenHuyen NVARCHAR(40) NOT NULL,
	ThuocTinh VARCHAR(5) FOREIGN KEY REFERENCES TINH(MaTinh) NOT NULL,
	VungSau INT NOT NULL
)

INSERT INTO HUYEN VALUES ('BT', N'Bình Thạnh', 'SG', 0);
INSERT INTO HUYEN VALUES ('Q1', N'Quận 1', 'SG', 1);
INSERT INTO HUYEN VALUES ('TB', N'Tân Bình', 'SG', 1);
INSERT INTO HUYEN VALUES ('CG', N'Cầu Giấy', 'HN', 0);
INSERT INTO HUYEN VALUES ('HK', N'Hoàn Kiếm', 'HN', 1);

CREATE TABLE DOITUONG(
	MaDT VARCHAR(5) PRIMARY KEY,
	TenDT NVARCHAR(40) NOT NULL,
	MienGiam FLOAT NOT NULL,
	NhomUuTien INT NOT NULL	
)

INSERT INTO DOITUONG VALUES ('DT01', N'Dân tộc thiểu số', 0.4, 1);
INSERT INTO DOITUONG VALUES ('DT02', N'Con thương binh liệt sĩ', 0.3, 1);
INSERT INTO DOITUONG VALUES ('DT03', N'Khuyết tật', 0.1, 2);

CREATE TABLE KHOA(
	MaKhoa VARCHAR(4) PRIMARY KEY,
	TenKhoa NVARCHAR(40) NOT NULL
)

INSERT INTO KHOA VALUES ('SE', N'Công nghệ phần mềm');
INSERT INTO KHOA VALUES ('IT', N'Khoa học và Kỹ thuật Thông tin');

CREATE TABLE NGANH(
	MaNganh VARCHAR(4) PRIMARY KEY,
	TenNganh NVARCHAR(40) NOT NULL,
	ThuocKhoa VARCHAR(4) FOREIGN KEY REFERENCES KHOA(MaKhoa) NOT NULL
)

INSERT INTO NGANH VALUES ('KTPM', N'Kỹ thuật phần mềm', 'SE');
INSERT INTO NGANH VALUES ('CNTT', N'Công nghệ thông tin', 'IT');
INSERT INTO NGANH VALUES ('KHDL', N'Khoa học dữ liệu', 'IT');

CREATE TABLE SINHVIEN(
	MaSV VARCHAR(8) PRIMARY KEY,
	TenSV NVARCHAR(40) NOT NULL,
	NgaySinh DATE NOT NULL,
	GioiTinh INT NOT NULL,
	DoiTuong VARCHAR(5) FOREIGN KEY REFERENCES DOITUONG(MaDT),
	Huyen VARCHAR(5) FOREIGN KEY REFERENCES HUYEN(MaHuyen) NOT NULL,
	Tinh VARCHAR(5) FOREIGN KEY REFERENCES TINH(MaTinh) NOT NULL,
	NganhHoc VARCHAR(4) FOREIGN KEY REFERENCES NGANH(MaNganh) NOT NULL
)

INSERT INTO SINHVIEN (MaSV, TenSV, NgaySinh, GioiTinh, Huyen, Tinh, NganhHoc)
VALUES ('0001', N'Nguyễn Văn Thành', '20/4/2001', 1, 'Q1', 'SG', 'KTPM');
INSERT INTO SINHVIEN (MaSV, TenSV, NgaySinh, GioiTinh, Huyen, Tinh, NganhHoc)
VALUES ('0002', N'Đỗ Văn Quang Minh', '23/9/2002', 1, 'Q1', 'SG', 'KHDL');
INSERT INTO SINHVIEN (MaSV, TenSV, NgaySinh, GioiTinh, Huyen, Tinh, NganhHoc)
VALUES ('0003', N'Trần Hoàng Lưu Ly Thiên Chức', '12/9/2001', 0, 'HK', 'HN', 'CNTT');
INSERT INTO SINHVIEN VALUES ('0020', N'Phạm Thị Thu Trang', '11/8/2001', 0, 'DT03', 'BT', 'SG', 'CNTT');
INSERT INTO SINHVIEN VALUES ('0021', N'Lê Thị Thanh Hương', '2/7/2004', 0, 'DT01', 'CG', 'HN', 'KHDL');
INSERT INTO SINHVIEN VALUES ('0022', N'Võ Văn Trung', '17/1/2003', 1, 'DT02', 'TB', 'SG', 'KTPM');
INSERT INTO SINHVIEN VALUES ('1427', N'Trần Hà', '23/6/2003', 1, 'DT03', 'CG', 'HN', 'KHDL');
INSERT INTO SINHVIEN VALUES ('2038', N'Jennifer Phạm', '19/5/2002', 0, 'DT01', 'Q1', 'SG', 'CNTT');

CREATE TABLE LOAIMON(
	MaLoaiMon VARCHAR(5) PRIMARY KEY,
	TenLoaiMon NVARCHAR(40) NOT NULL,
	SoTinChi INT NOT NULL,
	GiaTien INT NOT NULL
)

INSERT INTO LOAIMON VALUES ('LT', N'Lý thuyết', 15, 27000);
INSERT INTO LOAIMON VALUES ('TH', N'Thực hành', 30, 37000);

CREATE TABLE MONHOC(
	MaMon VARCHAR(5) PRIMARY KEY,
	TenMon NVARCHAR(40) NOT NULL,
	SoTiet INT NOT NULL,
	LoaiMon VARCHAR(5) FOREIGN KEY REFERENCES LOAIMON(MaLoaiMon) NOT NULL
)

INSERT INTO MONHOC VALUES ('SS007', N'Triết học Mác – Lênin', 12, 'LT');
INSERT INTO MONHOC VALUES ('MA005', N'Xác suất thống kê', 13, 'LT');
INSERT INTO MONHOC VALUES ('IT001', N'Nhập môn lập trình', 14, 'TH');
INSERT INTO MONHOC VALUES ('IT002', N'Lập trình hướng đối tượng', 14, 'TH');
INSERT INTO MONHOC VALUES ('IE106', N'Thiết kế giao diện người dùng', 14, 'LT');
INSERT INTO MONHOC VALUES ('IS334', N'Thương mại điện tử', 11, 'TH');
INSERT INTO MONHOC VALUES ('SE114', N'Nhập môn ứng dụng di động', 13, 'TH');

CREATE TABLE HOCKYCHINH(
	MaHKC INT PRIMARY KEY,
	TenHKC NVARCHAR(40) NOT NULL
)

INSERT INTO HOCKYCHINH VALUES (1, N'Học kỳ 1');
INSERT INTO HOCKYCHINH VALUES (2, N'Học kỳ 2');
INSERT INTO HOCKYCHINH VALUES (0, N'Học kỳ hè');

CREATE TABLE DSHOCKY(
	MaHK VARCHAR(5) PRIMARY KEY,
	HocKy INT FOREIGN KEY REFERENCES HOCKYCHINH (MaHKC) NOT NULL,
	NamHoc INT NOT NULL,
	ThoiHan DATE NOT NULL
)

INSERT INTO DSHOCKY VALUES ('12022',1, 2022, '15-9-2022');
INSERT INTO DSHOCKY VALUES ('22022',2, 2022, '20-1-2022');
INSERT INTO DSHOCKY VALUES ('12021',1, 2021, '15-8-2021');
INSERT INTO DSHOCKY VALUES ('12021',2, 2021, '19-1-2021');
INSERT INTO DSHOCKY VALUES ('02021',1, 2021, '1-6-2021');

CREATE TABLE CHUONGTRINH(
	NganhHoc VARCHAR(4) FOREIGN KEY REFERENCES NGANH(MaNganh),
	Khoa VARCHAR(4)  FOREIGN KEY REFERENCES KHOA(MAKHOA),
	HocKy INT,
	MonHoc VARCHAR(5) FOREIGN KEY REFERENCES MONHOC(MAMON),
	GhiChu VARCHAR(40),
	PRIMARY KEY (NganhHoc, Khoa, HocKy, MonHoc)
)

CREATE TABLE MONHOCMO(
	MaHK VARCHAR(5) FOREIGN KEY REFERENCES DSHOCKY(MaHK),
	MonHoc VARCHAR(5) FOREIGN KEY REFERENCES MONHOC(MAMON),
	PRIMARY KEY (MaHK, MonHoc)
)

CREATE TABLE PHIEUDK(
	SoPhieu VARCHAR(5) PRIMARY KEY,
	MaSV VARCHAR(8) FOREIGN KEY REFERENCES SINHVIEN(MaSV) NOT NULL,
	MaHK VARCHAR(5) FOREIGN KEY REFERENCES DSHOCKY(MaHK) NOT NULL,
	NgayLap DATE NOT NULL
)

CREATE TABLE DKHOCPHAN(
	SoPhieu VARCHAR(5) FOREIGN KEY REFERENCES PHIEUDK (SoPhieu),
	MonHoc VARCHAR(5),
	PRIMARY KEY (SoPhieu, MonHoc)
)

CREATE TABLE THUHOCPHI(
	MaThuPhi VARCHAR(5) PRIMARY KEY,
	SoPhieu VARCHAR(5) FOREIGN KEY REFERENCES PHIEUDK (SoPhieu) NOT NULL,
	SoTienThu INT NOT NULL,
	NgayThu DATE NOT NULL 
)